<?xml version="1.0"?>
<functionality2Tier>
	<tier id="_JWHSgMdLEeSzTs-iRu8Llw">
		<functionality id="_McFxgMc2EeSzTs-iRu8Llw" name="insertUserProfile"/>
		<functionality id="_dUmhkMdIEeSzTs-iRu8Llw" name="getTopic"/>
		<functionality id="_ceDeoMdJEeSzTs-iRu8Llw" name="updatePreferences"/>
		<functionality id="_uupb8NhyEeSGjb1hTo3-zQ" name="updateSimilarity"/>
		<functionality id="_TMXA4Mc1EeSzTs-iRu8Llw" name="updateSimilarity"/>
		<functionality id="_GUDXEMdIEeSzTs-iRu8Llw" name="answerQuestions"/>
		<functionality id="_KXN1EMdJEeSzTs-iRu8Llw" name="saveAnswer"/>
		<functionality id="_sPjOMNhwEeSGjb1hTo3-zQ" name="register"/>
	</tier>
</functionality2Tier>
